agent,技能小类,技能名称,适用范围,技能说明,技能详情
文件解析,文档操作,docx,学生/老师,docx文档操作,docx文档操作
,,xlsx,学生/老师,xlsx表格操作,xlsx表格操作
,,ppt,学生/老师,ppt操作,ppt操作
,,pdf,学生/老师,pdf操作,pdf操作
基础工作,操作说明,polymas-agent-readme,学生/老师,V5-使用说明,V5-使用说明
,联网操作,polymas-online-search,学生/老师,联网搜索,联网搜索
,,polymas-skill-online-search-install,学生/老师,联网搜索/安装SKILL,"网搜索 Skill 市场并安装到平台。支持仅搜索和搜索即安装。
默认 ClawHub（纯 API，零浏览器），也支持 ModelScope 和 SkillsMP"
,技能广场,polymas-capability-search-install,学生/老师,能力广场搜索/安装能力,"用于搜索/安装技能广场的AI能力（技能SKILL、技能套件SKILL_SUITE、
MCP工具MCP）"
,用户详情,polymas-user-detail-query,学生/老师,用户详情查询,查询当前用户详细信息
,文件/资源操作,polymas-teacher-knowledge-search,老师,教师搜索知识库,"搜索教师知识库内容，包括标题、资源类型、资源封面、
资源链接、资源预览图标、资源名称、资源摘要"
,,polymas-teacher-resource-file-search,老师,教师搜索资源库文件,"搜索资源库中的教师文件，包括文件标题、文件后缀、文件大小、
文件地址、创建/更新时间"
,,polymas-file-upload,学生/老师,通用文件上传,通用文件上传
学课管理员,教学单元,polymas-teaching-unit-query,老师,教学单元查询,查询课程的教学单元、教学主题及知识点信息
,班/课查询,polymas-teacher-course-search,老师,教师课程查询,教师搜索当前学期的课程信息，返回完整的课程列表数据
,,polymas-teacher-class-search,老师,教师管理班级查询,教师查询自己管理的班级列表信息，包括班级人数及学生明细
,,polymas-student-course-search,学生,学生课程查询,学生查询当前学期课程信息，返回完成的课程列表数据
,,polymas-student-class-search,学生,学生班级查询,学生查询关联的班级信息，支持查询班级列表和对应班级下学生数据
教学活动专员,作业操作,polymas-teacher-homework-search,老师,教师作业查询,"查询教师在课程下的作业信息，包括作业详细信息、
作业关联班级信息、班级作业结束时间、完成率统计等数据"
,,polymas-teacher-homework-hit-back,老师,教师打回作业,"教师按课程、作业、班级、学号等条件筛选已提交学生，
批量打回学生作业"
,,polymas-teacher-homework-urge,老师,教师催交作业,"教师催促作业下未提交作业的学生，支持按课程、作业、
学生等条件精确筛选待催交学生并批量发送催交通知"
,,polymas-teacher-homework-analysis,老师,教师分析作业完成情况,"教师按课程、作业查看作业学情分析报告，包括成绩概览、
高频错题、预警学生等数据"
,,polymas-teacher-homework-chat-query,老师,教师查询/分析作业下互动交流内容,"教师查看作业下学生与教师的互动交流记录，支持分页展示
和嵌套回复浏览"
,,polymas-student-homework-search,学生,学生作业查询,"学生查询在课程下的所有作业信息，包括作业详细信息、作业关联
班级信息、班级作业结束时间、完成率统计等数据"
,课堂操作,polymas-teacher-lession-analysis,老师,教师查看课堂分析报告,"教师按课程、课堂查看学生课堂表现分析报告，包括成绩得分、
互动参与、弹幕次数、在线时长等数据"
会议/日程专员,会议/日程管理,schedule-meeting,老师/学生,会议日程管理,该技能用于管理日程与会议：创建、查询、取消；查询日程/会议列表。
智能备课专员,教学AIGC生成,aigc-teaching-material,老师/学生,教学AIGC生成,生成教学相关 AIGC 素材，涵盖教案、报告、代码、PPT/HTML 课件、网页、图片、教学视频。
,,,,创建作业,
,,,,修改作业,
,,,,课表查询,
,,,,题库查询,
,,,,知识点查询,
,,,,能力训练查询,
,,,,智能辅查询,
,,,,,
,,,,,
,,,,,
,,,,,
,,,,,
,,,,,
,,,,,
,,,,,
,,,,,
,,,,,
,,,,,
,,,,,
,,,,,
,,,,,
,,,,,
,,,,,
,,,,,
,,,,,
,,,,,
,,,,,
,,,,,
,,,,,
,,,,,
,,,,,
,,,,,
,,,,,
,,,,,
,,,,,
,,,,,
,,,,,
,,,,,
,,,,,
,,,,,
,,,,,
,,,,,
,,,,,
,,,,,
,,,,,
,,,,,
,,,,,
,,,,,
,,,,,
,,,,,
,,,,,
,,,,,
,,,,,
,,,,,
,,,,,
,,,,,
,,,,,
,,,,,
,,,,,
,,,,,
,,,,,
,,,,,
,,,,,
,,,,,
,,,,,
,,,,,
,,,,,
,,,,,
,,,,,
,,,,,
,,,,,
,,,,,
,,,,,
,,,,,
,,,,,
,,,,,
,,,,,
,,,,,
,,,,,
,,,,,
,,,,,
,,,,,
,,,,,
,,,,,
,,,,,
,,,,,
,,,,,
,,,,,
,,,,,
,,,,,
,,,,,
,,,,,
,,,,,
,,,,,
,,,,,
,,,,,
,,,,,
,,,,,
,,,,,
,,,,,
,,,,,
,,,,,
,,,,,
,,,,,
,,,,,
,,,,,
,,,,,
,,,,,
,,,,,
,,,,,
,,,,,
,,,,,
,,,,,
,,,,,
,,,,,
,,,,,
,,,,,
,,,,,
,,,,,
,,,,,
,,,,,
,,,,,
,,,,,
,,,,,
,,,,,
,,,,,
,,,,,
,,,,,
,,,,,
,,,,,
,,,,,
,,,,,
,,,,,
,,,,,
,,,,,
,,,,,
,,,,,
,,,,,
,,,,,
,,,,,
,,,,,
,,,,,
,,,,,
,,,,,
,,,,,
,,,,,
,,,,,
,,,,,
,,,,,
,,,,,
,,,,,
,,,,,
,,,,,
,,,,,
,,,,,
,,,,,
,,,,,
,,,,,
,,,,,
,,,,,
,,,,,
,,,,,
,,,,,
,,,,,
,,,,,
,,,,,
,,,,,
,,,,,
,,,,,
,,,,,
,,,,,
,,,,,
,,,,,
,,,,,
,,,,,
,,,,,
,,,,,
,,,,,
